<?xml version='1.0' encoding='utf-8'?>
<images>
	<image name="fond" url="carte.png" />
	<image name="collision" url="collisions.png" />
	<image name="viseur" url="viseur.png" />
	<image name="roquette" url="missile.png" rowCount="1" columnCount="17" />
	<image name="personnage" url="pion.png" rowCount="4" columnCount="8" />
	<image name="explosion" url="explosion.png" rowCount="5" columnCount="5" />
	<image name="shuriken" url="shuriken.png" rowCount="1" columnCount="8" />
	<image name="sang" url="blood.png" rowCount="1" columnCount="10" />
	<image name="fond_score_input" url="scoreInputArrierePlan.png" />
	<image name="viseur_roquette" url="viseur_roquette.png" />
	<image name="viseur_shuriken" url="viseur_shuriken.png" />
	<image name="ui_roquette" url="ui_roquette.png" />
	<image name="ui_shuriken" url="ui_shuriken.png" />
	<image name="mute" url="mute.png" />
	<image name="notMute" url="_mute.png" />
</images>

