<?xml version='1.0' encoding='utf-8'?>
<objects>
    <weapons>
		<weapon name="rocket" speed="4.8" width="11.5" height="48.5" reload="1.0" ui="ui_roquette" mouse="viseur_roquette">
            <images>
                <image triggered="onCreate" name="roquette" />
            </images>
            <sounds />
            <ephemerals>
                <ephemeral triggered="onDestroy" name="explosion" />
            </ephemerals>
        </weapon>
        <weapon name="shuriken" speed="2.8" width="20.0" height="20.0" reload="0.18" ui="ui_shuriken" mouse="viseur_shuriken">
            <images>
                <image triggered="onCreate" name="shuriken" />
            </images>
            <sounds>
                <sound triggered="onDestroy" name="shuriken1" />
                <sound triggered="onDestroy" name="shuriken2" />
            </sounds>
            <ephemerals>
                <ephemeral triggered="onDestroy" name="blood" condition="hasKilledSomeone" />
            </ephemerals>
        </weapon>
    </weapons>
    <ephemerals>
        <ephemeral name="explosion" width="64.0" height="64.0">
            <images>
                <image triggered="onCreate" name="explosion" />
            </images>
            <sounds>
                <sound triggered="onCreate" name="explosion" />
            </sounds>
            <ephemerals />
        </ephemeral>
        <ephemeral name="blood" width="65.0" height="43.0">
            <images>
                <image triggered="onCreate" name="sang" />
            </images>
            <sounds />
            <ephemerals />
        </ephemeral>
    </ephemerals>
</objects>

